{
  "loss": [
    0.4443342685699463,
    0.24650351703166962,
    0.13391487300395966
  ],
  "accuracy": [
    0.7795714139938354,
    0.8989999890327454,
    0.9531428813934326
  ],
  "val_loss": [
    0.29038283228874207,
    0.2678220272064209,
    0.3688754439353943
  ],
  "val_accuracy": [
    0.8640000224113464,
    0.8880000114440918,
    0.8759999871253967
  ],
  "lr": [
    1.9999999494757503e-05,
    1.9999999494757503e-05,
    1.9999999494757503e-05
  ]
}